gene_symbol,uniprot_accession,uniprot_entry_name,protein_name,modification_type,sequence_length,sequence,disease_count,diseases,disease_descriptions,notes
ADAR,P55265,DSRAD_HUMAN,Double-stranded RNA-specific adenosine deaminase (ADAR1),A:I,1226,MNPRQGYSLSGYYTHPFQGYEHRQLRYQQPGPGSSPSSFLLKQIEFLKGQLPEAPVIGKQTPSLPPSLPGLRPRFPVLLASSTRGRQVDIRGVPRGVHLRSQGLQRGFQHPSPRGRSLPQRGVDCLSSHFQELSIYQDQEQRILKFLEELGEGKATTAHDLSGKLGTPKKEINRVLYSLAKKGKLQKEAGTPPLWKIAVSTQAWNQHSGVVRPDGHSQGAPNSDPSLEPEDRNSTSVSEDLLEPFIAVSAQAWNQHSGVVRPDSHSQGSPNSDPGLEPEDSNSTSALEDPLEFLDMAEIKEKICDYLFNVSDSSALNLAKNIGLTKARDINAVLIDMERQGDVYRQGTTPPIWHLTDKKRERMQIKRNTNSVPETAPAAIPETKRNAEFLTCNIPTSNASNNMVTTEKVENGQEPVIKLENRQEARPEPARLKPPVHYNGPSKAGYVDFENGQWATDDIPDDLNSIRAAPGEFRAIMEMPSFYSHGLPRCSPYKKLTECQLKNPISGLLEYAQFASQTCEFNMIEQSGPPHEPRFKFQVVINGREFPPAEAGSKKVAKQDAAMKAMTILLEEAKAKDSGKSEESSHYSTEKESEKTAESQTPTPSATSFFSGKSPVTTLLECMHKLGNSCEFRLLSKEGPAHEPKFQYCVAVGAQTFPSVSAPSKKVAKQMAAEEAMKALHGEATNSMASDNQPEGMISESLDNLESMMPNKVRKIGELVRYLNTNPVGGLLEYARSHGFAAEFKLVDQSGPPHEPKFVYQAKVGGRWFPAVCAHSKKQGKQEAADAALRVLIGENEKAERMGFTEVTPVTGASLRRTMLLLSRSPEAQPKTLPLTGSTFHDQIAMLSHRCFNTLTNSFQPSLLGRKILAAIIMKKDSEDMGVVVSLGTGNRCVKGDSLSLKGETVNDCHAEIISRRGFIRFLYSELMKYNSQTAKDSIFEPAKGGEKLQIKKTVSFHLYISTAPCGDGALFDKSCSDRAMESTESRHYPVFENPKQGKLRTKVENGEGTIPVESSDIVPTWDGIRLGERLRTMSCSDKILRWNVLGLQGALLTHFLQPIYLKSVTLGYLFSQGHLTRAICCRVTRDGSAFEDGLRHPFIVNHPKVGRVSIYDSKRQSGKTKETSVNWCLADGYDLEILDGTRGTVDGPRNELSRVSKKNIFLLFKKLCSFRYRRDLLRLSYGEAKKAARDYETAKNYFKKGLKDMGYGNWISKPQEEKNFYLCPV,13,Alzheimer | Astrocytoma | Bladder cancer | Breast cancer | Cervical cancer | Chronic Myeloid Leukemia | Colorectal cancer | Dyschromatosis Symmetrica Hereditaria | Glioblastoma | Hepatocellular carcinoma | Lung cancer | Myeloma | Rheumatoid Arthritis,"[Astrocytoma] A general decrease in editing activity of the human BLCAP transcript in cancerous tissues || [Colorectal cancer] A general decrease in editing activity of the human BLCAP transcript in cancerous tissues || [Bladder cancer] A general decrease in editing activity of the human BLCAP transcript in cancerous tissues || [Breast cancer] ADAR1 expression is higher in tumor tissues compared to patient-matched normal breast tissues. Silencing of ADAR1 decreases cell proliferation || [Lung cancer] ADAR1 gene amplification is oncogenic in lung cancer and can enhance cell growth and  invasion || [Rheumatoid Arthritis] Alu-dependent A-to-I RNA editing increases in rheumatoid arthritis. Cathepsin S and TNF receptor-associated factors 1,2,3 and 5 are among the hyper-edited transcripts || [Alzheimer] Alzheimer disease is correlated with a reduction of A to I RNA editing || [Hepatocellular carcinoma] An increase in RNA editing on AZIN1 neutralizes a key inhibitor of the polyamine synthesis pathway, thereby promoting proliferation in vitro and tumor initiation in vivo. AZIN1 editing is associated with liver cirrhosis || [Myeloma] Deregulation GLI1 RNA editing is correlated to multiple myeloma || [Dyschromatosis Symmetrica Hereditaria] Mutations of the ADAR may impair its tertiary structure, entailing its defective activity, and are linked to the onset of DSH. || [Glioblastoma] The overexpression of ADAR inhibits GBM cell line proliferation || [Cervical cancer] The two edited forms of BLCAP fail to inhibit STAT3 phosphorylation. A-to-I RNA editing drives anti-tumorigenic BLCAP into a loss-of-function state that might facilitate the events leading to cervical cancer initiation, and progression || [Chronic Myeloid Leukemia] Upregulation of ADAR1 p-150 isoform, in the blastic crisis of CML, may be related to the activation of inflammatory pathways. An inflammatory mediator-driven isoform switch, which favors ADAR1 p150 expression, drives the expansion of malignant progenitors and contributes to CML progression.",
ADARB1,P78563,RED1_HUMAN,Double-stranded RNA-specific editase 1 (ADAR2),A:I; C:U,741,MDIEDEENMSSSSTDVKENRNLDNVSPKDGSTPGPGEGSQLSNGGGGGPGRKRPLEEGSNGHSKYRLKKRRKTPGPVLPKNALMQLNEIKPGLQYTLLSQTGPVHAPLFVMSVEVNGQVFEGSGPTKKKAKLHAAEKALRSFVQFPNASEAHLAMGRTLSVNTDFTSDQADFPDTLFNGFETPDKAEPPFYVGSNGDDSFSSSGDLSLSASPVPASLAQPPLPVLPPFPPPSGKNPVMILNELRPGLKYDFLSESGESHAKSFVMSVVVDGQFFEGSGRNKKLAKARAAQSALAAIFNLHLDQTPSRQPIPSEGLQLHLPQVLADAVSRLVLGKFGDLTDNFSSPHARRKVLAGVVMTTGTDVKDAKVISVSTGTKCINGEYMSDRGLALNDCHAEIISRRSLLRFLYTQLELYLNNKDDQKRSIFQKSERGGFRLKENVQFHLYISTSPCGDARIFSPHEPILEGSRSYTQAGVQWCNHGSLQPRPPGLLSDPSTSTFQGAGTTEPADRHPNRKARGQLRTKIESGEGTIPVRSNASIQTWDGVLQGERLLTMSCSDKIARWNVVGIQGSLLSIFVEPIYFSSIILGSLYHGDHLSRAMYQRISNIEDLPPLYTLNKPLLSGISNAEARQPGKAPNFSVNWTVGDSAIEVINATTGKDELGRASRLCKHALYCRWMRVHGKVPSHLLRSKITKPNVYHESKLAAKEYQAAKARLFTAFIKAGLGAWVEKPTEQDQFSLTP,19,Acute Myeloid Leukemia | Aicardi-Goutières syndrome | Alzheimer | Amiothrophic Lateral Sclerosis | Astrocytoma | Behavioral and neurological consequences | Bladder cancer | Cardiac Disease | Colorectal cancer | Depression disorder | Esophageal squamous cell carcinoma | Glioblastoma | Hepatocellular carcinoma | Parkinson | Psychiatric disorders | Severe epilepsy | Spinal Cord Injury | Temporal Lobe Epilepsy | Type 2 Diabetes,"[Psychiatric disorders] 5HT2C editing is altered in individuals suffering from psychiatric disorders || [Astrocytoma] A general decrease in editing activity of the human BLCAP transcript in cancerous tissues || [Colorectal cancer] A general decrease in editing activity of the human BLCAP transcript in cancerous tissues || [Bladder cancer] A general decrease in editing activity of the human BLCAP transcript in cancerous tissues || [Esophageal squamous cell carcinoma] A-to-I RNA editing of the SLC22A3 gene is associated with the reduced SLC22A3 transcription and lymph node metastasis in Esophageal Squamous Cell Carcinoma || [Aicardi-Goutières syndrome] ADAR1 acts as a suppressor of type I interferon signaling and may have a role in the cytoplasmic accumulation of dsRNA originating from genomic repetitive elements. || [Glioblastoma] Anti-tumoral: reduction of maturation of oncogenic precursors || [Amiothrophic Lateral Sclerosis] Defect in the editing of the messenger RNA encoding the GluR2 subunit of glutamate AMPA receptors  in ALS patients || [Alzheimer] Deficiency of RNA editing in Q/R site of the GluA2 induces the loss of Ca2+ homeostasis associated with early onset epilepsy and premature death || [Behavioral and neurological consequences] hV1.1 recoded by editing (Ile400) is altered in the intracellular side of the selectivity filter || [Hepatocellular carcinoma] Hyper-editing of FLNB is closely associated with HCC pathogenesis. ADAR1 overexpression increases risk of liver cirrhosis and postoperative recurrence. ADAR1 hyper editing is associated with a poor prognosis || [Severe epilepsy] RNA editing in GluR-B is essential for brain development to avoid the alteration of calcium permeability which affects mice seizure and survival || [Depression disorder] RNA editing inhibits the enzymatic activity of TPH2 splice variants. Deregulated alternative splicing and RNA editing are involved in the etiology of psychiatric diseases, such as suicidal behavior. || [Parkinson] RNA editing repairs the PINK1 W437amber mutation rescue the PINK1/Parkin-mediated mitophagy || [Type 2 Diabetes] RNA editing, on different transcripts, promotes the disease risk and is closely associated with type 2 Diabetes || [Cardiac Disease] RNA‐editing of Filamin A pre‐mRNA is decreased in human cardiac disease || [Acute Myeloid Leukemia] Splicing mutations affecting either the SH2 or PTPase domain of SHP-1 in motheaten and viable motheaten mice lead to multiple hematopoietic abnormalities, including the overexpansion and accumulation of myelomonocytic populations || [Temporal Lobe Epilepsy] The degree of R/G editing is significantly increased in the hippocampal tissue and in neo-cortical tissue in patients || [Spinal Cord Injury] The reduced editing at the R/G site of glutamate receptor subunits (GluRs) is likely to reduce post-synaptic excitatory responses to glutamate, thus duce post-synaptic excitatory responses to glutamate, thus limiting the progression of cell death.",
ADARB2,Q9NS39,RED2_HUMAN,Double-stranded RNA-specific editase B2 (ADAR3),A:I,739,MASVLGSGRGSGGLSSQLKCKSKRRRRRRSKRKDKVSILSTFLAPFKHLSPGITNTEDDDTLSTSSAEVKENRNVGNLAARPPPSGDRARGGAPGAKRKRPLEEGNGGHLCKLQLVWKKLSWSVAPKNALVQLHELRPGLQYRTVSQTGPVHAPVFAVAVEVNGLTFEGTGPTKKKAKMRAAELALRSFVQFPNACQAHLAMGGGPGPGTDFTSDQADFPDTLFQEFEPPAPRPGLAGGRPGDAALLSAAYGRRRLLCRALDLVGPTPATPAAPGERNPVVLLNRLRAGLRYVCLAEPAERRARSFVMAVSVDGRTFEGSGRSKKLARGQAAQAALQELFDIQMPGHAPGRARRTPMPQEFADSISQLVTQKFREVTTDLTPMHARHKALAGIVMTKGLDARQAQVVALSSGTKCISGEHLSDQGLVVNDCHAEVVARRAFLHFLYTQLELHLSKRREDSERSIFVRLKEGGYRLRENILFHLYVSTSPCGDARLHSPYEITTDLHSSKHLVRKFRGHLRTKIESGEGTVPVRGPSAVQTWDGVLLGEQLITMSCTDKIARWNVLGLQGALLSHFVEPVYLQSIVVGSLHHTGHLARVMSHRMEGVGQLPASYRHNRPLLSGVSDAEARQPGKSPPFSMNWVVGSADLEIINATTGRRSCGGPSRLCKHVLSARWARLYGRLSTRTPSPGDTPSMYCEAKLGAHTYQSVKQQLFKAFQKAGLGTWVRKPPEQQQFLLTL,2,Glioblastoma | Intellectual disability,"[Intellectual disability] A mutation on the GRIA2 gene (Q607E) prevents the editing at the Q/R site. Specifically, a cytosine to guanidine base change,  immediately 5′ to the adenosine that is edited to inosine by ADAR2, impairs the normal editing of ADARB2. The mutant GAG  codon is predicted to be recognized by ADARB2 ~90% less than the normal CAG codon, with a consequent reduction of A:I modifications in the second codon position. || [Glioblastoma] The reduction of ADARB2 is correlated with the grade of malignancy of glioblastoma multiforme",
ALKBH3,Q96Q83,ALKB3_HUMAN,Alpha-ketoglutarate-dependent dioxygenase alkB homolog 3,A:m1A,286,MEEKRRRARVQGAWAAPVKSQAIAQPATTAKSHLHQKPGQTWKNKEHHLSDREFVFKEPQQVVRRAPEPRVIDREGVYEISLSPTGVSRVCLYPGFVDVKEADWILEQLCQDVPWKQRTGIREDITYQQPRLTAWYGELPYTYSRITMEPNPHWHPVLRTLKNRIEENTGHTFNSLLCNLYRNEKDSVDWHSDDEPSLGRCPIIASLSFGATRTFEMRKKPPPEENGDYTYVERVKIPLDHGTLLIMEGATQADWQHRVPKEYHSREPRVNLTFRTVYPDPRGAPW,3,Gastrointestinal cancer | Hodgkin lymphoma | Ovarian and breast cancer,"[Ovarian and breast cancer] CSF-1 expression is increased by the overexpression of ALKBH3. This results in cancer cell invasiveness without affecting cell proliferation and migration || [Gastrointestinal cancer] In tumor samples, dysregulation and genetic alteartions of putative m1A-related enzymes are observed. Also, m1A-related enzymes regulate the ErbB and mTOR pathways. || [Hodgkin lymphoma] The genes related to migration and cytoskeleton are the target of m1A modification. This epigenetic chaneg cause poor overall survival.",
ALKBH4,Q9NXW9,ALKB4_HUMAN,Alpha-ketoglutarate-dependent dioxygenase alkB homolog 4,A:m1A,302,MAAAAAETPEVLRECGCKGIRTCLICERQRGSDPPWELPPAKTYRFIYCSDTGWAVGTEESDFEGWAFPFPGVMLIEDFVTREEEAELVRLMDRDPWKLSQSGRRKQDYGPKVNFRKQKLKTEGFCGLPSFSREVVRRMGLYPGLEGFRPVEQCNLDYCPERGSAIDPHLDDAWLWGERLVSLNLLSPTVLSMCREAPGSLLLCSAPSAAPEALVDSVIAPSRSVLCQEVEVAIPLPARSLLVLTGAARHQWKHAIHRRHIEARRVCVTFRELSAEFGPGGRQQELGQELLRIALSFQGRPV,1,Cancer (not specified),"[Cancer (not specified)] Demethylated tRNA is more sensitive to angiogenin that mediates the cleavage of tRNAs, so tRNA-derived small RNAs are involved in ALKBH3-induced cancer progression by preventing apoptosis of cancer cells.",
ALKBH5,Q6P6C2,ALKB5_HUMAN,RNA demethylase ALKBH5,A:m6A,394,MAAASGYTDLREKLKSMTSRDNYKAGSREAAAAAAAAVAAAAAAAAAAEPYPVSGAKRKYQEDSDPERSDYEEQQLQKEEEARKVKSGIRQMRLFSQDECAKIEARIDEVVSRAEKGLYNEHTVDRAPLRNKYFFGEGYTYGAQLQKRGPGQERLYPPGDVDEIPEWVHQLVIQKLVEHRVIPEGFVNSAVINDYQPGGCIVSHVDPIHIFERPIVSVSFFSDSALCFGCKFQFKPIRVSEPVLSLPVRRGSVTVLSGYAADEITHCIRPQDIKERRAVIILRKTRLDAPRLETKSLSSSVLPPSYASDRLSGNNRDPALKPKRSHRKADPDAAHRPRILEMDKEENRRSVLLPTHRRRGSFSSENYWRKSYESSEDCSEAAGSPARKVKMRRH,7,Breast cancer | Gastric cancer | Glioblastoma | Leukemia | Major depressive disorder | Non-small cell lung cancer | Pancreatic cancer,"[Gastric cancer] ALKBH5 and  NEAT1 are upregulated in gastric cancer. The m6A eraser ALKBH5 downregulates NEAT1 m6A levels.  With decreases in NEAT1 methylation, NEAT1 is upregulated and promotes the malignant phenotype of GC by acting synergistically with EZH2 || [Pancreatic cancer] ALKBH5 decreases WIF-1 mRNA m6A levels and thus increases WIF protein levels. The upregulation of WIF-1 inhibits Wnt pathway and its downstream targets, leading to the inhibition of pancreatic tumorigenesis and sensitization to chemotherapy. Thus, the downregulation of ALKBH5 in pancreatic cancer, induces PDAC cell proliferation, migration, invasion, tumorigenesis, and metastasis in vitro and in vivo. || [Non-small cell lung cancer] ALKBH5 is upregulated in the NSCLC tissue and cells. ALKBH5 induces the demethylation of TIMP3 transcript to repress its mRNA stability leading to NSCLC tumor progression || [Glioblastoma] Increased m6A methylation protects against GSCs self-renewal, proliferation and tumorigenesis. The increased ALKBH5 expression in GSCs is associated to a decreased methylation of FOXM1 pre-mRNA. || [Breast cancer] m6A inhibits breast cancer (BC) cell viability, the ability of MDA-MB-231 cells to form colonies and suppressed cell migratory abilities resulting in an overall effect of inhibition of BC growth and metastasis. Reduced expression of m6A is associated with poor prognostic in patient. Functionally, reducing m6A expression by overexpressing METTL14 and/or knockdown of ALKBH5 could inhibit breast cell viability, colony formation and cell migration. || [Leukemia] Mutations found in m6A regulatory genes are associated with lower OS and EFS rates in patients with AML ( Acute myeloid Leukemia) and presence of p53 mutations. || [Major depressive disorder] rs12936694 from the m6A demethylase gene ALKBH5 showed allelic and genotypic association to major depressive disorder",
APOBEC1,P41238,ABEC1_HUMAN,C->U-editing enzyme APOBEC-1,C:U,236,MTSEKGPSTGDPTLRRRIEPWEFDVFYDPRELRKEACLLYEIKWGMSRKIWRSSGKNTTNHVEVNFIKKFTSERDFHPSMSCSITWFLSWSPCWECSQAIREFLSRHPGVTLVIYVARLFWHMDQQNRQGLRDLVNSGVTIQIMRASEYYHCWRNFVNYPPGDEAHWPQYPPLWMMLYALELHCIILSLPPCLKISRRWQNHLTFFRLHLQNCHYQTIPPHILLATGLIHPSVAWR,4,Diabetes/obesity | Hepatocellular carcinoma | Neurofibromatosis | Temporal Lobe Epilepsy,"[Diabetes/obesity] APOBEC1 RNA editing is correlated to a reduction of atherosclerosis thanks to the presence of ApoB48 isoform || [Neurofibromatosis] C→U editing of NF1 RNA creates a translational stop codon, potentially leading to premature truncation of neurofibromin || [Hepatocellular carcinoma] In mice, overexpression of APOBEC1 determines  aberrant editing that could contribute to the  oncogenesis || [Temporal Lobe Epilepsy] Increased C-to-U RNA editing mediated by APOBEC1 leads to neuronal gain-of-function through presynaptic activity of RNA-edited GlyRs, resulting in facilitation of neurotransmitter release",
APOBEC3A,P31941,ABC3A_HUMAN,DNA dC->dU-editing enzyme APOBEC-3A,C:U,199,MEASPASGPRHLMDPHIFTSNFNNGIGRHKTYLCYEVERLDNGTSVKMDQHRGFLHNQAKNLLCGFYGRHAELRFLDLVPSLQLDPAQIYRVTWFISWSPCFSWGCAGEVRAFLQENTHVRLRIFAARIYDYDPLYKEALQMLRDAGAQVSIMTYDEFKHCWDTFVDHQGCPFQPWDGLDEHSQALSGRLRAILQNQGN,2,Acute Myeloid Leukemia | Wilms tumor and,[Wilms tumor and] RNA editing of A3A induces changes in WT1 mRNA which correspond to driver cancer mutations suggests a potential role for this novel modification in cancer mutagenesis || [Acute Myeloid Leukemia] RNA editing of A3A induces changes in WT1 mRNA which correspond to driver cancer mutations suggests a potential role for this novel modification in cancer mutagenesis,
DDX21,Q9NR30,DDX21_HUMAN,Nucleolar RNA helicase 2,N:Nm,783,MPGKLRSDAGLESDTAMKKGETLRKQTEEKEKKEKPKSDKTEEIAEEEETVFPKAKQVKKKAEPSEVDMNSPKSKKAKKKEEPSQNDISPKTKSLRKKKEPIEKKVVSSKTKKVTKNEEPSEEEIDAPKPKKMKKEKEMNGETREKSPKLKNGFPHPEPDCNPSEAASEESNSEIEQEIPVEQKEGAFSNFPISEETIKLLKGRGVTFLFPIQAKTFHHVYSGKDLIAQARTGTGKTFSFAIPLIEKLHGELQDRKRGRAPQVLVLAPTRELANQVSKDFSDITKKLSVACFYGGTPYGGQFERMRNGIDILVGTPGRIKDHIQNGKLDLTKLKHVVLDEVDQMLDMGFADQVEEILSVAYKKDSEDNPQTLLFSATCPHWVFNVAKKYMKSTYEQVDLIGKKTQKTAITVEHLAIKCHWTQRAAVIGDVIRVYSGHQGRTIIFCETKKEAQELSQNSAIKQDAQSLHGDIPQKQREITLKGFRNGSFGVLVATNVAARGLDIPEVDLVIQSSPPKDVESYIHRSGRTGRAGRTGVCICFYQHKEEYQLVQVEQKAGIKFKRIGVPSATEIIKASSKDAIRLLDSVPPTAISHFKQSAEKLIEEKGAVEALAAALAHISGATSVDQRSLINSNVGFVTMILQCSIEMPNISYAWKELKEQLGEEIDSKVKGMVFLKGKLGVCFDVPTASVTEIQEKWHDSRRWQLSVATEQPELEGPREGYGGFRGQREGSRGFRGQRDGNRRFRGQREGSRGPRGQRSGGGNKSNRSQNKGQKRSFSKAFGQ,1,Leukemia,[Leukemia] Loss of 2'-O-Me results in decreased leukemia self-renewal potential and reduced colony formation potential.,
DKC1,O60832,DKC1_HUMAN,H/ACA ribonucleoprotein complex subunit DKC1 (dyskerin),U:Y,514,MADAEVIILPKKHKKKKERKSLPEEDVAEIQHAEEFLIKPESKVAKLDTSQWPLLLKNFDKLNVRTTHYTPLACGSNPLKREIGDYIRTGFINLDKPSNPSSHEVVAWIRRILRVEKTGHSGTLDPKVTGCLIVCIERATRLVKSQQSAGKEYVGIVRLHNAIEGGTQLSRALETLTGALFQRPPLIAAVKRQLRVRTIYESKMIEYDPERRLGIFWVSCEAGTYIRTLCVHLGLLLGVGGQMQELRRVRSGVMSEKDHMVTMHDVLDAQWLYDNHKDESYLRRVVYPLEKLLTSHKRLVMKDSAVNAICYGAKIMLPGVLRYEDGIEVNQEIVVITTKGEAICMAIALMTTAVISTCDHGIVAKIKRVIMERDTYPRKWGLGPKASQKKLMIKQGLLDKHGKPTDSTPATWKQEYVDYSESAKKEVVAEVVKAPQVVAEAAKTAKRKRESESESDETPPAAPQLIKKEKKKSKKDKKAKAGLESGAEPGDGDSDTTKKKKKKKKAKEVELVSE,1,Metachronous rectal adenocarcinomas with dyskeratosis congenita (DC),[Metachronous rectal adenocarcinomas with dyskeratosis congenita (DC)] DKC1 encodes dykerin which can induce the pseudoridylation of rRNA. Defects in the pseudouridylation activity of dyskerin is related to the development of malignancy in patients with DC,
FBL,P22087,FBRL_HUMAN,rRNA 2'-O-methyltransferase fibrillarin,N:Nm,321,MKPGFSPRGGGFGGRGGFGDRGGRGGRGGFGGGRGRGGGFRGRGRGGGGGGGGGGGGGRGGGGFHSGGNRGRGRGGKRGNQSGKNVMVEPHRHEGVFICRGKEDALVTKNLVPGESVYGEKRVSISEGDDKIEYRAWNPFRSKLAAAILGGVDQIHIKPGAKVLYLGAASGTTVSHVSDIVGPDGLVYAVEFSHRSGRDLINLAKKRTNIIPVIEDARHPHKYRMLIAMVDVIFADVAQPDQTRIVALNAHTFLRNGGHFVISIKANCIDSTASAEAVFASEVKKMQQENMKPQEQLTLEPYERDHAVVVGVYRPPPKVKN,5,Breast cancer | Cardiovascular disease | Hemoglobin E | Leukemia | β-thalassemia,"[Cardiovascular disease] Genetic associations and regulation of expression indicate an independent role for 14q32 snoRNAs in human cardiovascular disease. || [β-thalassemia] Hypermethylation of 4506 in 28S subunit of the ribosome leads to ribosome biogenesis deregulation || [Hemoglobin E] Hypermethylation of 4506 in 28S subunit of the ribosome leads to ribosome biogenesis deregulation || [Leukemia] Loss of 2'-O-Me results in decreased leukemia self-renewal potential and reduced colony formation potential. || [Breast cancer] Methylation levels on 5.8S, 18S, and 28S rRNAs are slightly increasing in p53 knock-downs.",
FTO,Q9C0B1,FTO_HUMAN,Alpha-ketoglutarate-dependent dioxygenase FTO,A:m6A,505,MKRTPTAEEREREAKKLRLLEELEDTWLPYLTPKDDEFYQQWQLKYPKLILREASSVSEELHKEVQEAFLTLHKHGCLFRDLVRIQGKDLLTPVSRILIGNPGCTYKYLNTRLFTVPWPVKGSNIKHTEAEIAAACETFLKLNDYLQIETIQALEELAAKEKANEDAVPLCMSADFPRVGMGSSYNGQDEVDIKSRAAYNVTLLNFMDPQKMPYLKEEPYFGMGKMAVSWHHDENLVDRSAVAVYSYSCEGPEEESEDDSHLEGRDPDIWHVGFKISWDIETPGLAIPLHQGDCYFMLDDLNATHQHCVLAGSQPRFSSTHRVAECSTGTLDYILQRCQLALQNVCDDVDNDDVSLKSFEPAVLKQGEEIHNEVEFEWLRQFWFQGNRYRKCTDWWCQPMAQLEALWKKMEGVTNAVLHEVKREGLPVEQRNEILTAILASLTARQNLRREWHARCQSRIARTLPADQKPECRPYWEKDDASMPLPFDLTDIVSELRGQLLEAKP,18,Alzheimer | Attention-deficit/hyperactivity disorder (ADHD) | Brain atrophy | Breast cancer | Cervical cancer | Gastric cancer | Glioblastoma | Intellectual disability | Leukemia | Major depressive disorder | Malignant pleural mesothelioma | Melanoma | Non-small cell lung cancer | Obesity | Parkinson | Premature ovarian insufficiency | Renal cell carcinoma | Type 2 Diabetes,"[Obesity] Association between  FTO SNPs and higher obesity risk, but further investigation is warranted to identify the causal genetic variants and potential mechanisms underlying the observed genetic associations || [Major depressive disorder] Association between SNP rs9939609 within FTO and major depressive disorder, independently from BMI || [Type 2 Diabetes] Associations between the FTO SNPs and type 2 diabetes,  further investigation is needed to identify the causal genetic variants and potential mechanisms underlying the observed genetic associations || [Gastric cancer] Decreased m6A methylation level, by METTL14 downregulation or FTO upregulation, promotes the activation of oncogenic signaling pathways, such as Wnt and PI3K‐Akt and supports GC cell proliferation, migration and invasion. || [Renal cell carcinoma] Demethylation of adenosine residues in the 3′‐UTR of PGC‐1α mRNA (induced by FTO), leads to increased PGC‐1α mRNA stability and protein expression, and increased mitochondrial biogenesis, oxidative stress and tumour suppression || [Leukemia] FTO highly expressed in AML t(11q23)/MLL rearrangements, t(15;17)/PML-RARA, FLT3-ITD and/or NPM1 mutations. FTO enhances leukemic oncogene-mediated cell transformation and leukemogenesis, and inhibits all-trans-retinoic acid (ATRA)-induced AML cell differentiation, through regulating expression of targets such as ASB2 and RARA by reducing m6A levels in these mRNA transcripts. || [Cervical cancer] FTO is frequently overexpressed in human cervical cancer tissues and highly correlated with cervical cancer progression.Mechanistically, FTO directly interacted with E2F1 and Myc mRNAs and inhibition FTO dramatically impaired the translation of these two important oncogenes, thus suppressed cervical cancer cells’ proliferation and migration. || [Alzheimer] FTO regulates the phosphorylation of Tau in a mTOR-dependent manner by targeting and reducing the mRNA level of TSC1. || [Non-small cell lung cancer] Increased m6A methylation level reduces MZF1 mRNA expression. FTO upregulation mediates MZF1 mRNA demethylation and increased MZF1 mRNA stability. This leads to an enhanced MZF1 expression, which explains the oncogenic roles of FTO in LUSCs || [Attention-deficit/hyperactivity disorder (ADHD)] Involvement of the FTO SNP rs8050136 in modulating the risk for ADHD || [Intellectual disability] Loss of function mutation in FTO gene leads to leads to postnatal growth retardation and a significant reduction in adipose tissue and lean body mass || [Breast cancer] m6A demethylation in the 3' UTR of BNIP3 mRNA leads to its degradation. || [Premature ovarian insufficiency] m6A levels of POI patients is increased and FTO gene expression and protein levels are decreased. Thus, FTO could increase the risk of complications of POI || [Glioblastoma] m6A methylation protects against GSCs growth and self-renewal. FTO induced demethylation regulates GSCs growth and self-renewal, promotes tumor progression and shortens the lifespan of GSC-grafted animals. || [Brain atrophy] Structural brain atrophy in carriers of the FTO risk allele (SNP rs9939609) is identified in healthy elderly subjects . Those carrying at least one copy of the risk allele showed brain tissue deficits in the frontal and the occipital lobes, areas that are also associated with volume reductions in subjects with higher BMI. || [Malignant pleural mesothelioma] The association between MPM and asbestos exposure is established but the mechanism is unclear. It was proposed that asbestos causes DNA damage by inducing DNA alkylation and methylation. Thus, methylation could be at the bases of the MPM onset and the characterized FTO rs9939609 polymorphism which alters its expression level, may play a role in asbestos-induced methylation and carcinogenesis || [Melanoma] The increased m6A methylation level, in melanoma-promoting genes, PD-1 (PDCD1), CXCR4, and SOX10, promotes melanoma cells proliferation, migration and invasion in vitro and melanoma tumor growth in vivo. FTO was found to be upregulated in melanoma, suggesting a protumorigenic role. FTO higher expression is induced by metabolic stress and starvation. It was found that PD-1 (PDCD1), CXCR4, and SOX10 are regulated by FTO-mediated demethylation which blocks the YTHDF2-induced mRNA decay (tumor suppressor). Furthermore, FTO-mediated demethylation plays an important role in therapeutic resistance to anti-PD-1 immunotherapy and cell killing by IFNγ || [Parkinson] The overexpression of FTO reduces m6A levels and increases NMDAR1 expression levels, NMDAR1, which could elevate oxidative stress and Ca2+. High expression of NMDAR1 will damage neurons and cause subsequent apoptotic death",
FTSJ1,Q9UET6,TRM7_HUMAN,Putative tRNA (cytidine(32)/guanosine(34)-2'-O)-methyltransferase,N:Nm,329,MGRTSKDKRDVYYRLAKENGWRARSAFKLLQLDKEFQLFQGVTRAVDLCAAPGSWSQVLSQKIGGQGSGHVVAVDLQAMAPLPGVVQIQGDITQLSTAKEIIQHFKGCPADLVVCDGAPDVTGLHDVDEYMQAQLLLAALNIATHVLKPGGCFVAKIFRGRDVTLLYSQLQVFFSSVLCAKPRSSRNSSIEAFAVCQGYDPPEGFIPDLSKPLLDHSYDPDFNQLDGPTRIIVPFVTCGDLSSYDSDRSYPLDLEGGSEYKYTPPTQPPISPPYQEACTLKRKGQLAKEIRPQDCPISRVDTFPQPLAAPQCHTLLAPEMEDNEMSCSP,1,Nonsyndromic X-Linked Intellectual Disability,[Nonsyndromic X-Linked Intellectual Disability] 2’-O-methylation of tRNAPhe may impact the development.,
HNRNPA2B1,P22626,ROA2_HUMAN,Heterogeneous nuclear ribonucleoproteins A2/B1,A:m6A,353,MEKTLETVPLERKKREKEQFRKLFIGGLSFETTEESLRNYYEQWGKLTDCVVMRDPASKRSRGFGFVTFSSMAEVDAAMAARPHSIDGRVVEPKRAVAREESGKPGAHVTVKKLFVGGIKEDTEEHHLRDYFEEYGKIDTIEIITDRQSGKKRGFGFVTFDDHDPVDKIVLQKYHTINGHNAEVRKALSRQEMQEVQSSRSGRGGNFGFGDSRGGGGNFGPGPGSNFRGGSDGYGSGRGFGDGYNGYGGGPGGGNFGGSPGYGGGRGGYGGGGPGYGNQGGGYGGGYDNYGGGNYGSGNYNDFGNYNQQPSNYGPMKSGNFGGSRNMGGPYGGGNYGPGGSGGSGGYGGRSRY,1,Breast cancer,"[Breast cancer] Expression levels of writers, readers and erasers differs between cancer cell lines;  no association of the expression levels of METTL3, YTHDF1, WTAP with overall survival was found; HNRNPA2B1 over-expression is associated with poorer overall survival and promotes endocrine resistance;",
LARP7,Q4G0J3,LARP7_HUMAN,La-related protein 7,N:Nm,582,METESGNQEKVMEEESTEKKKEVEKKKRSRVKQVLADIAKQVDFWFGDANLHKDRFLREQIEKSRDGYVDISLLVSFNKMKKLTTDGKLIARALRSSAVVELDLEGTRIRRKKPLGERPKDEDERTVYVELLPKNVNHSWIERVFGKCGNVVYISIPHYKSTGDPKGFAFVEFETKEQAAKAIEFLNNPPEEAPRKPGIFPKTVKNKPIPALRVVEEKKKKKKKKGRMKKEDNIQAKEENMDTSNTSISKMKRSRPTSEGSDIESTEPQKQCSKKKKKRDRVEASSLPEVRTGKRKRSSSEDAESLAPRSKVKKIIQKDIIKEASEASKENRDIEISTEEEKDTGDLKDSSLLKTKRKHKKKHKERHKMGEEVIPLRVLSKSEWMDLKKEYLALQKASMASLKKTISQIKSESEMETDSGVPQNTGMKNEKTANREECRTQEKVNATGPQFVSGVIVKIISTEPLPGRKQVRDTLAAISEVLYVDLLEGDTECHARFKTPEDAQAVINAYTEINKKHCWKLEILSGDHEQRYWQKILVDRQAKLNQPREKKRGTEKLITKAEKIRLAKTQQASKHIRFSEYD,1,Alazami syndrome,[Alazami syndrome] 2'-O-methylation of the U6 snRNA is impaired; it might influence RNA structure formation and thus splicing fidelity.,
METTL14,Q9HCE5,MET14_HUMAN,N6-adenosine-methyltransferase non-catalytic subunit,A:m6A,456,MDSRLQEIRERQKLRRQLLAQQLGAESADSIGAVLNSKDEQREIAETRETCRASYDTSAPNAKRKYLDEGETDEDKMEEYKDELEMQQDEENLPYEEEIYKDSSTFLKGTQSLNPHNDYCQHFVDTGHRPQNFIRDVGLADRFEEYPKLRELIRLKDELIAKSNTPPMYLQADIEAFDIRELTPKFDVILLEPPLEEYYRETGITANEKCWTWDDIMKLEIDEIAAPRSFIFLWCGSGEGLDLGRVCLRKWGYRRCEDICWIKTNKNNPGKTKTLDPKAVFQRTKEHCLMGIKGTVKRSTDGDFIHANVDIDLIITEEPEIGNIEKPVEIFHIIEHFCLGRRRLHLFGRDSTIRPGWLTVGPTLTNSNYNAETYASYFSAPNSYLTGCTEEIERLRPKSPPPKSKSDRGGGAPRGGGRGGTSAGRGRERNRSNFRGERGGFRGGRGGAHRGGFPPR,10,Bladder cancer | Breast cancer | Colorectal cancer | Endometrial cancer | Gastric cancer | Glioblastoma | Hepatocellular carcinoma | Leukemia | Renal cell carcinoma | Type 2 Diabetes,"[Gastric cancer] Decreased m6A methylation level, by METTL14 downregulation or FTO upregulation, promotes the activation of oncogenic signaling pathways, such as Wnt and PI3K‐Akt and supports GC cell proliferation, migration and invasion. || [Glioblastoma] Decreased methylation promotes GSCs growth and self-renewal. METTL14 induced methylation protects against GSCs growth and self-renewal || [Renal cell carcinoma] Increased P2RX6 mRNA m6A methylation level (induced by METTL14) enhances P2RX6 pre-mRNA splicing, decreases ATP-P2RX6-Ca2+ −p-ERK1/2-MMP9 axis and protects against RCCs migration and invasion. || [Breast cancer] m6A inhibits breast cancer (BC) cell viability, the ability of MDA-MB-231 cells to form colonies and suppressed cell migratory abilities resulting in an overall effect of inhibition of BC growth and metastasis. Reduced expression of m6A is associated with poor prognostic in patient. Functionally, reducing m6A expression by overexpressing METTL14 and/or knockdown of ALKBH5 could inhibit breast cell viability, colony formation and cell migration. || [Hepatocellular carcinoma] m6A methylation of pri-miR126 enhances its recogntion by DGCR8 and its subsequent processing to mature miRNA. miR126 plays an important role in tumor metastasis by acting as a tumor suppressor. The downregulation of METTL14 in HCC cells leads to the decreased processing of pri-miR126 thus reducing its tumor-suppressor activity || [Bladder cancer] m6A modification and METTL14 are lowly expressed in bladder cancer. METTL14 and m6A modification participate in the RNA stability of Notch1 mRNA. Notch1 m6A modification inhibits its RNA stability. Notch1 plays an essential role in bladder tumorigenesis and bladder tumor initiating cells self-renewal || [Colorectal cancer] METTL14 is downregulated in CRC tissues and cell lines. It reduces m6A levels in total RNAs and promotes CRC cell growth and metastasis,  METTL14 decreases miR-375 expression levels by modulating DGCR8 binding to primary miR-375 (primiR-375) in a m6A-dependent manner. || [Leukemia] METTL14 is highly expressed in normal hematopoietic stem/progenitor cells (HSPCs) and acute myeloid leukemia (AML) cells carrying t(11q23), t(15;17), or t(8;21), and is down-regulated during myeloid differentiation. Mechanistically, METTL14 exerts its oncogenic role by regulating its mRNA targets (e.g., MYB and MYC) through m6A modification, which in turn leads to enhanced self-renewal/proliferation of LSCs/LICs and blockage of myeloid differentiation || [Type 2 Diabetes] METTL3 and METTL14 protein levels are decreased in whole islets from T2D patients. the Insulin/IGF1 -AKT-PDX1 pathway is significantly affected by hypomethylation in T2D || [Endometrial cancer] ~70% of tumor samples from endometrial cancer patients exhibited decreased m6A levels due to either decreased expression of METTL3 or loss of function mutation in METTL14 (R298P). This generates a reduction in m6A mRNA methylation levels and an enhancement in proliferation and tumorigenicity. Reductions in m6A methylation lead to decreased expression of the negative AKT regulator PHLPP2 and increased expression of the positive AKT regulator mTORC2. Increased AKT activation is one of the main mediators of increased proliferation in cells.",
METTL3,Q86U44,MTA70_HUMAN,N6-adenosine-methyltransferase catalytic subunit,A:m6A,580,MSDTWSSIQAHKKQLDSLRERLQRRRKQDSGHLDLRNPEAALSPTFRSDSPVPTAPTSGGPKPSTASAVPELATDPELEKKLLHHLSDLALTLPTDAVSICLAISTPDAPATQDGVESLLQKFAAQELIEVKRGLLQDDAHPTLVTYADHSKLSAMMGAVAEKKGPGEVAGTVTGQKRRAEQDSTTVAAFASSLVSGLNSSASEPAKEPAKKSRKHAASDVDLEIESLLNQQSTKEQQSKKVSQEILELLNTTTAKEQSIVEKFRSRGRAQVQEFCDYGTKEECMKASDADRPCRKLHFRRIINKHTDESLGDCSFLNTCFHMDTCKYVHYEIDACMDSEAPGSKDHTPSQELALTQSVGGDSSADRLFPPQWICCDIRYLDVSILGKFAVVMADPPWDIHMELPYGTLTDDEMRRLNIPVLQDDGFLFLWVTGRAMELGRECLNLWGYERVDEIIWVKTNQLQRIIRTGRTGHWLNHGKEHCLVGVKGNPQGFNQGLDCDVIVAEVRSTSHKPDEIYGMIERLSPGTRKIELFGRPHNVQPNWITLGNQLDGIHLLDPDVVARFKQRYPDGIISKPKNL,18,Alzheimer | Bladder cancer | Breast cancer | Colorectal cancer | Endometrial cancer | Gastric cancer | Glioblastoma | Hepatocellular carcinoma | Ischemic Heart disease | Leukemia | Melanoma | Non-small cell lung cancer | Osteoporosis | Osteosarcoma | Pancreatic cancer | Prostate cancer | Renal cell carcinoma | Type 2 Diabetes,"[Osteoporosis] Decreased m6A level in bone marrow mesenchymal stem cells (MSCs) induces pathological features of osteoporosis in mice (impaired bone formation, incompetent osteogenic differentiation potential, and increased marrow adiposity). PTH (parathyroid hormone)/Pth1r (parathyroid hormone receptor-1) signaling axis is an important downstream pathway for m6A regulation in MSCs. METTL3 loss of function reduces the translation efficiency of MSCs lineage allocator Pth1r and disrupts the PTH-induced osteogenic and adipogenic responses in vivo. || [Glioblastoma] Decreased methylation promotes GSCs growth and self-renewal. METTL3 induced methylation protects against GSCs growth and self-renewal || [Non-small cell lung cancer] Direct physical and functional interaction between METTL3 and the eukaryotic translation initiation factor 3 subunit h (eIF3h). The METTL3–eIF3h interaction is required for enhanced translation (BRD4), formation of densely packed polyribosomes and oncogenic transformation. || [Osteosarcoma] Expression level of METTL3 are up-regulated in human OS tissues and OS cell lines. METTL3 promotes osteosarcoma cell progression by regulating the m6A level of LEF1 and activating Wnt/b-catenin signaling pathway. || [Melanoma] Increased m6A methylation level (due to METTL3 upregulation) promotes melanoma cell lines colony formation and invasion. MMP2 and N-cadherin play a crucial role in invasion and metastasis of melanoma cells and their expression was found to be associated to METTL3 upregulation. These results indicate that METTL3 may regulate MMP2 and N-cadherin. Whereas MMP2 expression depends on the catalytic activity of METTL3, regulation of N-cadherin appears to be independent of METTL3 catalytic activity. || [Gastric cancer] Increased m6A methylation level was found to be correlated with the upregulation of METTL3 in GC patients. The increased methylation influences cell proliferation, migration and invasion by regulting transcription factors like GFI-1, apoptotic-related protein expression, AKT signaling pathway (p-AKT, p70S6K and Cyclin D1). || [Colorectal cancer] It was found that the negative expression of METTL3 is associated with larger tumor size and higher metastasis rates in CRC. Decreased level of METTL3 increases P38/ERK pathway expression. The increased expression of p-P38 and p-ERK is associated with CRC cells proliferation, migration and invasion. || [Hepatocellular carcinoma] LINC00958 is upregulated in HCC cell lines and tissues. LINC00958 sponges miR-3619-5p which has among its targets HDGF which is important for lipogenesis. LINC00958 is upregulated in HCC cell lines and tissues, thus it icreases the interactions with miR-3619-5p, thus increasing HDGF mRNA expression levels. HDGF has been established as an oncogene that facilitates the progression of HCC. Furthermore,  m6A methylation levels are enriched within LINC00958 in HCC cells and they correlate with and increased METTL3 expression level. These results suggest that the increase of LINC00958 in HCC may be attributed to the m6A modification. || [Breast cancer] m6A level are increased in the breast cancer tissue as compared to normal samples; METTL3 overexpression and promotes translation (overexpression) of Bcl-2 || [Renal cell carcinoma] m6A methylation (induced by METTL3) protects against RCCs proliferation, migration and invasion functions , and EMT and PI3K-Akt-mTOR pathways may be involved in the potential mechanisms. || [Pancreatic cancer] m6A methylation is regulating apoptosis and chemo/radioresistance. Methylation of METTL3 target genes is inducing a decrease in apoptotic responses to GEM and it is also protecting from DNA damage after UVC. || [Alzheimer] m6A methyltransferase METTL3 is elevated and the m6A demethylase FTO is decreased in AD mice. The related pathways and genes predicted the potential roles of the differentially expressed m6A methylation RNA in AD. || [Bladder cancer] METTL3 and CDCP1 are upregulated in bladder cancer patient samples. The increased m6A modification and translation of oncogene CDCP1 in the transformed uroepithelial cells indicates the potential role of METTL3/m6A/CDCP1 axis in bladder cancer oncogenesis. || [Type 2 Diabetes] METTL3 and METTL14 protein levels are decreased in whole islets from T2D patients. the Insulin/IGF1 -AKT-PDX1 pathway is significantly affected by hypomethylation in T2D || [Leukemia] METTL3 is overexpressed in AML; Depletion of METTL3 induces cell differentiation and apoptosis and delays leukemia progression; m6A promotes translation of c-MYC, BCL2, PTEN mRNAs in AML. m6A depletion may activate the PI3K/AKT pathway. || [Prostate cancer] METTL3 is overexpressed in prostate cancer cell lines, together with increased m6A content. SHH-GLI signaling positively correlates with the severity of PC and  METTL3 regulates the expression level of GLI1 || [Ischemic Heart disease] METTl3 is upregulated in H/R-induced cardiomyocytes injury. It methylates TFEB at two m6A residues in the 3ʹ-UTR, and promotes the association of the RNA-binding protein HNRNPD with TFEB pre-mRNA and subsequently decreases the expression levels of TFEB. This inhibits the autophagic flux and increases apoptosis in H/R-treated cardiomyocytes. || [Endometrial cancer] ~70% of tumor samples from endometrial cancer patients exhibited decreased m6A levels due to either decreased expression of METTL3 or loss of function mutation in METTL14 (R298P). This generates a reduction in m6A mRNA methylation levels and an enhancement in proliferation and tumorigenicity. Reductions in m6A methylation lead to decreased expression of the negative AKT regulator PHLPP2 and increased expression of the positive AKT regulator mTORC2. Increased AKT activation is one of the main mediators of increased proliferation in cells.",
NOP56,O00567,NOP56_HUMAN,Nucleolar protein 56,N:Nm,594,MVLLHVLFEHAVGYALLALKEVEEISLLQPQVEESVLNLGKFHSIVRLVAFCPFASSQVALENANAVSEGVVHEDLRLLLETHLPSKKKKVLLGVGDPKIGAAIQEELGYNCQTGGVIAEILRGVRLHFHNLVKGLTDLSACKAQLGLGHSYSRAKVKFNVNRVDNMIIQSISLLDQLDKDINTFSMRVREWYGYHFPELVKIINDNATYCRLAQFIGNRRELNEDKLEKLEELTMDGAKAKAILDASRSSMGMDISAIDLINIESFSSRVVSLSEYRQSLHTYLRSKMSQVAPSLSALIGEAVGARLIAHAGSLTNLAKYPASTVQILGAEKALFRALKTRGNTPKYGLIFHSTFIGRAAAKNKGRISRYLANKCSIASRIDCFSEVPTSVFGEKLREQVEERLSFYETGEIPRKNLDVMKEAMVQAEEAAAEITRKLEKQEKKRLKKEKKRLAALALASSENSSSTPEECEEMSEKPKKKKKQKPQEVPQENGMEDPSISFSKPKKKKSFSKEELMSSDLEETAGSTSIPKRKKSTPKEETVNDPEEAGHRSGSKKKRKFSKEEPVSSGPEEAVGKSSSKKKKKFHKASQED,1,Treacher Collins syndrome,[Treacher Collins syndrome] Inhibition of the production of properly modified  leading to impaired proliferation and differentiation of specific embryonic cells. Downregulated expression of treacle resulted in decrease 2'-O-Me of 18S pre-rRNA,
NOP58,Q9Y2X3,NOP58_HUMAN,Nucleolar protein 58,N:Nm,529,MLVLFETSVGYAIFKVLNEKKLQEVDSLWKEFETPEKANKIVKLKHFEKFQDTAEALAAFTALMEGKINKQLKKVLKKIVKEAHEPLAVADAKLGGVIKEKLNLSCIHSPVVNELMRGIRSQMDGLIPGVEPREMAAMCLGLAHSLSRYRLKFSADKVDTMIVQAISLLDDLDKELNNYIMRCREWYGWHFPELGKIISDNLTYCKCLQKVGDRKNYASAKLSELLPEEVEAEVKAAAEISMGTEVSEEDICNILHLCTQVIEISEYRTQLYEYLQNRMMAIAPNVTVMVGELVGARLIAHAGSLLNLAKHAASTVQILGAEKALFRALKSRRDTPKYGLIYHASLVGQTSPKHKGKISRMLAAKTVLAIRYDAFGEDSSSAMGVENRAKLEARLRTLEDRGIRKISGTGKALAKTEKYEHKSEVKTYDPSGDSTLPTCSKKRKIEQVDKEDEITEKKAKKAKIKVKVEEEEEEKVAEEEETSVKKKKKRGKKKHIKEEPLSEEEPCTSTAIASPEKKKKKKKKRENED,2,Hemoglobin E | β-thalassemia,[β-thalassemia] Hypermethylation of 4506 in 28S subunit of the ribosome leads to ribosome biogenesis deregulation || [Hemoglobin E] Hypermethylation of 4506 in 28S subunit of the ribosome leads to ribosome biogenesis deregulation,
NPM1,P06748,NPM_HUMAN,Nucleophosmin,N:Nm,294,MEDSMDMDMSPLRPQNYLFGCELKADKDYHFKVDNDENEHQLSLRTVSLGAGAKDELHIVEAEAMNYEGSPIKVTLATLKMSVQPTVSLGGFEITPPVVLRLKCGSGPVHISGQHLVAVEEDAESEDEEEEDVKLLSISGKRSAPGGGSKVPQKKVKLAADEDDDDDDEEDDDEDDDDDDFDDEEAEEKAPVKKSIRDTPAKNAQKSNQNGKDSKPSSTPRSKGQESFKKQEKTPKTPKGPSSVEDIKAKMQASIEKGGSLPKVEAKFINYVKNCFRMTDQEAIQDLWQWRKSL,1,Dyskeratosis Congenita,"[Dyskeratosis Congenita] 2′-O-Me-regulated translation is important for cellular growth, differentiation, and hematopoietic stem cell maintenance. Aberrant 2'O-Me is induced by mutations in NPM1 observed in patients with dyskeratosis congenita.",
NSUN2,Q08J23,NSUN2_HUMAN,tRNA (cytosine(34)-C(5))-methyltransferase,C:m5C,767,MGRRSRGRRLQQQQRPEDAEDGAEGGGKRGEAGWEGGYPEIVKENKLFEHYYQELKIVPEGEWGQFMDALREPLPATLRITGYKSHAKEILHCLKNKYFKELEDLEVDGQKVEVPQPLSWYPEELAWHTNLSRKILRKSPHLEKFHQFLVSETESGNISRQEAVSMIPPLLLNVRPHHKILDMCAAPGSKTTQLIEMLHADMNVPFPEGFVIANDVDNKRCYLLVHQAKRLSSPCIMVVNHDASSIPRLQIDVDGRKEILFYDRILCDVPCSGDGTMRKNIDVWKKWTTLNSLQLHGLQLRIATRGAEQLAEGGRMVYSTCSLNPIEDEAVIASLLEKSEGALELADVSNELPGLKWMPGITQWKVMTKDGQWFTDWDAVPHSRHTQIRPTMFPPKDPEKLQAMHLERCLRILPHHQNTGGFFVAVLVKKSSMPWNKRQPKLQGKSAETRESTQLSPADLTEGKPTDPSKLESPSFTGTGDTEIAHATEDLENNGSKKDGVCGPPPSKKMKLFGFKEDPFVFIPEDDPLFPPIEKFYALDPSFPRMNLLTRTTEGKKRQLYMVSKELRNVLLNNSEKMKVINTGIKVWCRNNSGEEFDCAFRLAQEGIYTLYPFINSRIITVSMEDVKILLTQENPFFRKLSSETYSQAKDLAKGSIVLKYEPDSANPDALQCPIVLCGWRGKASIRTFVPKNERLHYLRMMGLEVLGEKKKEGVILTNESAASTGQPDNDVTEGQRAGEPNSPDAEEANSPDVTAGCDPAGVHPPR,6,Dubowitz-like Syndrome | Esophageal squamous cell carcinoma | Gastric cancer | Head and neck squamous cell carcinoma (HNSCC) | Neuro-developmental disorder | Urothelial carcinoma of the bladder (UCB),"[Dubowitz-like Syndrome] In patient cells, a functional NSUN2 protein is lacking. NSUN2-depletion causes growth retardation, mild microcephaly, and learning disabilities. || [Esophageal squamous cell carcinoma] Increased levels of NSUN2 methylated lncRNA is a key regulator of ESCC tumor metastasis and drug resistance. || [Neuro-developmental disorder] Loss of m5C causes the accumulation of tRNA fragments in the absence of NSUN2. Therefore, reduction in protein translation rates and activation in stress pathways leading to reduced cell size and increased apoptosis of cortical, hippocampal, and striatal neurons occurred. || [Head and neck squamous cell carcinoma (HNSCC)] NSUN2 affects the stability and nuclear-cytoplasmic shuttling of mRNAs, non-coding RNAs, and tRNAs.High NSUN2 expression is associated with poor survival rates. || [Urothelial carcinoma of the bladder (UCB)] NSUN2 and YBX1 stabilize the oncogene mRNA of the oncogene HDGF that mediates UCB pathogenesis in human || [Gastric cancer] NSun2 overexpression is related to poor prognosis.",
NSUN3,Q9H649,NSUN3_HUMAN,tRNA (cytosine(72)-C(5))-methyltransferase,C:m5C,340,MLTQLKAKSEGKLAKQICKVVLDHFEKQYSKELGDAWNTVREILTSPSCWQYAVLLNRFNYPFELEKDLHLKGYHTLSQGSLPNYPKSVKCYLSRTPGRIPSERHQIGNLKKYYLLNAASLLPVLALELRDGEKVLDLCAAPGGKSIALLQCACPGYLHCNEYDSLRLRWLRQTLESFIPQPLINVIKVSELDGRKMGDAQPEMFDKVLVDAPCSNDRSWLFSSDSQKASCRISQRRNLPLLQIELLRSAIKALRPGGILVYSTCTLSKAENQDVISEILNSHGNIMPMDIKGIARTCSHDFTFAPTGQECGLLVIPDKGKAWGPMYVAKLKKSWSTGKW,1,Combined mitochondrial respiratory chain complex deficiency,[Combined mitochondrial respiratory chain complex deficiency] NSUN3-dependent modification of mt-tRNAMet is a necessary intermediate step towards the formation of 5-formylcytosine (f5C) in mtRNA,
NSUN6,Q8TEA1,NSUN6_HUMAN,tRNA (cytosine(72)-C(5))-methyltransferase NSUN6,C:m5C,469,MSIFPKISLRPEVENYLKEGFMNKEIVTALGKQEAERKFETLLKHLSHPPSFTTVRVNTHLASVQHVKNLLLDELQKQFNGLSVPILQHPDLQDVLLIPVIGPRKNIKKQQCEAIVGAQCGNAVLRGAHVYAPGIVSASQFMKAGDVISVYSDIKGKCKKGAKEFDGTKVFLGNGISELSRKEIFSGLPELKGMGIRMTEPVYLSPSFDSVLPRYLFLQNLPSALVSHVLNPQPGEKILDLCAAPGGKTTHIAALMHDQGEVIALDKIFNKVEKIKQNALLLGLNSIRAFCFDGTKAVKLDMVEDTEGEPPFLPESFDRILLDAPCSGMGQRPNMACTWSVKEVASYQPLQRKLFTAAVQLLKPEGVLVYSTCTITLAENEEQVAWALTKFPCLQLQPQEPQIGGEGMRGAGLSCEQLKQLQRFDPSAVPLPDTDMDSLREARREDMLRLANKDSIGFFIAKFVKCKST,1,Pancreatic cancer,[Pancreatic cancer] Nsun6 was found to be an important factor that enables supress the pancreatic cancer cell proliferation,
PUS1,Q9Y606,PUS1_HUMAN,tRNA pseudouridine synthase A,U:Y,427,MGLQLRALLGAFGRWTLRLGPRPSCSPRMAGNAEPPPAGAACPQDRRSCSGRAGGDRVWEDGEHPAKKLKSGGDEERREKPPKRKIVLLMAYSGKGYHGMQRNVGSSQFKTIEDDLVSALVRSGCIPENHGEDMRKMSFQRCARTDKGVSAAGQVVSLKVWLIDDILEKINSHLPSHIRILGLKRVTGGFNSKNRCDARTYCYLLPTFAFAHKDRDVQDETYRLSAETLQQVNRLLACYKGTHNFHNFTSQKGPQDPSACRYILEMYCEEPFVREGLEFAVIRVKGQSFMMHQIRKMVGLVVAIVKGYAPESVLERSWGTEKVDVPKAPGLGLVLERVHFEKYNQRFGNDGLHEPLDWAQEEGKVAAFKEEHIYPTIIGTERDERSMAQWLSTLPIHNFSATALTAGGTGAKVPSPLEGSEGDGDTD,1,Mitochondrial myopathy and sideroblastic anemia (MLASA),[Mitochondrial myopathy and sideroblastic anemia (MLASA)] LAck of modifications in mitochondrial and cytoplasmic tRNAs from MLASA patients at sites normally modified by Pus1p.,
PUS3,Q9BZE2,PUS3_HUMAN,tRNA pseudouridine synthase 3,U:Y,481,MAYNDTDRNQTEKLLKRVRELEQEVQRLKKEQAKNKEDSNIRENSAGAGKTKRAFDFSAHGRRHVALRIAYMGWGYQGFASQENTNNTIEEKLFEALTKTRLVESRQTSNYHRCGRTDKGVSAFGQVISLDLRSQFPRGRDSEDFNVKEEANAAAEEIRYTHILNRVLPPDIRILAWAPVEPSFSARFSCLERTYRYFFPRADLDIVTMDYAAQKYVGTHDFRNLCKMDVANGVINFQRTILSAQVQLVGQSPGEGRWQEPFQLCQFEVTGQAFLYHQVRCMMAILFLIGQGMEKPEIIDELLNIEKNPQKPQYSMAVEFPLVLYDCKFENVKWIYDQEAQEFNITHLQQLWANHAVKTHMLYSMLQGLDTVPVPCGIGPKMDGMTEWGNVKPSVIKQTSAFVEGVKMRTYKPLMDRPKCQGLESRIQHFVRRGRIEHPHLFHEEETKAKRDCNDTLEEENTNLETPTKRVCVDTEIKSII,1,Intellectual disability,[Intellectual disability] A significant reduction in post-transcriptional pseudouridine modification of tRNA in patient cells has occurred.,
PUS7,Q96PZ0,PUS7_HUMAN,Pseudouridylate synthase 7 homolog,U:Y,661,MEMTEMTGVSLKRGALVVEDNDSGVPVEETKKQKLSECSLTKGQDGLQNDFLSISEDVPRPPDTVSTGKGGKNSEAQLEDEEEEEEDGLSEECEEEESESFADMMKHGLTEADVGITKFVSSHQGFSGILKERYSDFVVHEIGKDGRISHLNDLSIPVDEEDPSEDIFTVLTAEEKQRLEELQLFKNKETSVAIEVIEDTKEKRTIIHQAIKSLFPGLETKTEDREGKKYIVAYHAAGKKALANPRKHSWPKSRGSYCHFVLYKENKDTMDAINVLSKYLRVKPNIFSYMGTKDKRAITVQEIAVLKITAQRLAHLNKCLMNFKLGNFSYQKNPLKLGELQGNHFTVVLRNITGTDDQVQQAMNSLKEIGFINYYGMQRFGTTAVPTYQVGRAILQNSWTEVMDLILKPRSGAEKGYLVKCREEWAKTKDPTAALRKLPVKRCVEGQLLRGLSKYGMKNIVSAFGIIPRNNRLMYIHSYQSYVWNNMVSKRIEDYGLKPVPGDLVLKGATATYIEEDDVNNYSIHDVVMPLPGFDVIYPKHKIQEAYREMLTADNLDIDNMRHKIRDYSLSGAYRKIIIRPQNVSWEVVAYDDPKIPLFNTDVDNLEGKTPPVFASEGKYRALKMDFSLPPSTYATMAIREVLKMDTSIKNQTQLNTTWLR,3,Intellectual disability | Intellectual disability and progressive microcephaly | Tetralogy of Fallot (TOF),[Tetralogy of Fallot (TOF)] Pseudouridylation level on snRNA U2 depends on expression level of scaRNA1that is linked with TOF || [Intellectual disability and progressive microcephaly] PUS7 mutations result in decreased levels of Ψ13 modifications in tRNAs || [Intellectual disability] Variants in PUS7 cause the loss of function on pseudouridylation of mRNAs and tRNAs that leads intellectual disabilities.,
TCOF1,Q13428,TCOF_HUMAN,Treacle protein,N:Nm,1488,MAEARKRRELLPLIYHHLLRAGYVRAAREVKEQSGQKCFLAQPVTLLDIYTHWQQTSELGRKRKAEEDAALQAKKTRVSDPISTSESSEEEEEAEAETAKATPRLASTNSSVLGADLPSSMKEKAKAETEKAGKTGNSMPHPATGKTVANLLSGKSPRKSAEPSANTTLVSETEEEGSVPAFGAAAKPGMVSAGQADSSSEDTSSSSDETDVEGKPSVKPAQVKASSVSTKESPARKAAPAPGKVGDVTPQVKGGALPPAKRAKKPEEESESSEEGSESEEEAPAGTRSQVKASEKILQVRAASAPAKGTPGKGATPAPPGKAGAVASQTKAGKPEEDSESSSEESSDSEEETPAAKALLQAKASGKTSQVGAASAPAKESPRKGAAPAPPGKTGPAVAKAQAGKREEDSQSSSEESDSEEEAPAQAKPSGKAPQVRAASAPAKESPRKGAAPAPPRKTGPAAAQVQVGKQEEDSRSSSEESDSDREALAAMNAAQVKPLGKSPQVKPASTMGMGPLGKGAGPVPPGKVGPATPSAQVGKWEEDSESSSEESSDSSDGEVPTAVAPAQEKSLGNILQAKPTSSPAKGPPQKAGPVAVQVKAEKPMDNSESSEESSDSADSEEAPAAMTAAQAKPALKIPQTKACPKKTNTTASAKVAPVRVGTQAPRKAGTATSPAGSSPAVAGGTQRPAEDSSSSEESDSEEEKTGLAVTVGQAKSVGKGLQVKAASVPVKGSLGQGTAPVLPGKTGPTVTQVKAEKQEDSESSEEESDSEEAAASPAQVKTSVKKTQAKANPAAARAPSAKGTISAPGKVVTAAAQAKQRSPSKVKPPVRNPQNSTVLARGPASVPSVGKAVATAAQAQTGPEEDSGSSEEESDSEEEAETLAQVKPSGKTHQIRAALAPAKESPRKGAAPTPPGKTGPSAAQAGKQDDSGSSSEESDSDGEAPAAVTSAQVIKPPLIFVDPNRSPAGPAATPAQAQAASTPRKARASESTARSSSSESEDEDVIPATQCLTPGIRTNVVTMPTAHPRIAPKASMAGASSSKESSRISDGKKQEGPATQVSKKNPASLPLTQAALKVLAQKASEAQPPVARTQPSSGVDSAVGTLPATSPQSTSVQAKGTNKLRKPKLPEVQQATKAPESSDDSEDSSDSSSGSEEDGEGPQGAKSAHTLGPTPSRTETLVEETAAESSEDDVVAPSQSLLSGYMTPGLTPANSQASKATPKLDSSPSVSSTLAAKDDPDGKQEAKPQQAAGMLSPKTGGKEAASGTTPQKSRKPKKGAGNPQASTLALQSNITQCLLGQPWPLNEAQVQASVVKVLTELLEQERKKVVDTTKESSRKGWESRKRKLSGDQPAARTPRSKKKKKLGAGEGGEASVSPEKTSTTSKGKAKRDKASGDVKEKKGKGSLGSQGAKDEPEEELQKGMGTVEGGDQSNPKSKKEKKKSDKRKKDKEKKEKKKKAKKASTKDSESPSQKKKKKKKKTAEQTV,1,Treacher Collins syndrome,[Treacher Collins syndrome] Inhibition of the production of properly modified  leading to impaired proliferation and differentiation of specific embryonic cells. Downregulated expression of treacle resulted in decrease 2'-O-Me of 18S pre-rRNA,
TLE5,Q08117,TLE5_HUMAN,Transducin-like enhancer protein 5 (AES),N:Nm,197,MMFPQSRHSGSSHLPQQLKFTTSDSCDRIKDEFQLLQAQYHSLKLECDKLASEKSEMQRHYVMYYEMSYGLNIEMHKQAEIVKRLNGICAQVLPYLSQEHQQQVLGAIERAKQVTAPELNSIIRQQLQAHQLSQLQALALPLTPLPVGLQPPSLPAVSAGTGLLSLSALGSQAHLSKEDKNGHDGDTHQEDDGEKSD,1,Leukemia,[Leukemia] Loss of 2'-O-Me results in decreased leukemia self-renewal potential and reduced colony formation potential.,"TLE5/AES is a transcriptional corepressor, not an RNA modification enzyme"
TRMT6,Q9UJA5,TRM6_HUMAN,tRNA (adenine(58)-N(1))-methyltransferase non-catalytic subunit,A:m1A,497,MEGSGEQPGPQPQHPGDHRIRDGDFVVLKREDVFKAVQVQRRKKVTFEKQWFYLDNVIGHSYGTAFEVTSGGSLQPKKKREEPTAETKEAGTDNRNIVDDGKSQKLTQDDIKALKDKGIKGEEIVQQLIENSTTFRDKTEFAQDKYIKKKKKKYEAIITVVKPSTRILSIMYYAREPGKINHMRYDTLAQMLTLGNIRAGNKMIVMETCAGLVLGAMMERMGGFGSIIQLYPGGGPVRAATACFGFPKSFLSGLYEFPLNKVDSLLHGTFSAKMLSSEPKDSALVEESNGTLEEKQASEQENEDSMAEAPESNHPEDQETMETISQDPEHKGPKERGSKKDYIQEKQRRQEEQRKRHLEAAALLSERNADGLIVASRFHPTPLLLSLLDFVAPSRPFVVYCQYKEPLLECYTKLRERGGVINLRLSETWLRNYQVLPDRSHPKLLMSGGGGYLLSGFTVAMDNLKADTSLKSNASTLESHETEEPAAKKRKCPESDS,1,Glioblastoma,[Glioblastoma] TRM6/61 regulates the translation of a subset of mRNAs encoding proteins that play role in cancer.,
TRMT61A,Q96FX7,TRM61_HUMAN,tRNA (adenine(58)-N(1))-methyltransferase catalytic subunit,A:m1A,289,MSFVAYEELIKEGDTAILSLGHGAMVAVRVQRGAQTQTRHGVLRHSVDLIGRPFGSKVTCGRGGWVYVLHPTPELWTLNLPHRTQILYSTDIALITMMLELRPGSVVCESGTGSGSVSHAIIRTIAPTGHLHTVEFHQQRAEKAREEFQEHRVGRWVTVRTQDVCRSGFGVSHVADAVFLDIPSPWEAVGHAWDALKVEGGRFCSFSPCIEQVQRTCQALAARGFSELSTLEVLPQVYNVRTVSLPPPDLGTGTDGPAGSDTSPFRSGTPMKEAVGHTGYLTFATKTPG,1,Glioblastoma,[Glioblastoma] TRM6/61 regulates the translation of a subset of mRNAs encoding proteins that play role in cancer.,
TRMT61B,Q9BVS5,TR61B_HUMAN,"tRNA (adenine(58)-N(1))-methyltransferase, mitochondrial",A:m1A,477,MLMAWCRGPVLLCLRQGLGTNSFLHGLGQEPFEGARSLCCRSSPRDLRDGEREHEAAQRKAPGAESCPSLPLSISDIGTGCLSSLENLRLPTLREESSPRELEDSSGDQGRCGPTHQGSEDPSMLSQAQSATEVEERHVSPSCSTSRERPFQAGELILAETGEGETKFKKLFRLNNFGLLNSNWGAVPFGKIVGKFPGQILRSSFGKQYMLRRPALEDYVVLMKRGTAITFPKDINMILSMMDINPGDTVLEAGSGSGGMSLFLSKAVGSQGRVISFEVRKDHHDLAKKNYKHWRDSWKLSHVEEWPDNVDFIHKDISGATEDIKSLTFDAVALDMLNPHVTLPVFYPHLKHGGVCAVYVVNITQVIELLDGIRTCELALSCEKISEVIVRDWLVCLAKQKNGILAQKVESKINTDVQLDSQEKIGVKGELFQEDDHEESHSDFPYGSFPYVARPVHWQPGHTAFLVKLRKVKPQLN,1,"Myoclonus epilepsy, ragged-red fibers (MERRF)","[Myoclonus epilepsy, ragged-red fibers (MERRF)] Missing m1A modification on mitochondrial tRNA at the 58 position is associated with the MERRF disease. m1A58 provides a positive charge on tRNA tertiary structure that affect the binding of elongation factor which delivers tRNA to ribosome.",
VIRMA,Q69YN4,VIR_HUMAN,Protein virilizer homolog (KIAA1429),A:m6A,1812,MAVDSAMELLFLDTFKHPSAEQSSHIDVVRFPCVVYINEVRVIPPGVRAHSSLPDNRAYGETSPHTFQLDLFFNNVSKPSAPVFDRLGSLEYDENTSIIFRPNSKVNTDGLVLRGWYNCLTLAIYGSVDRVISHDRDSPPPPPPPPPPPQPQPSLKRNPKHADGEKEDQFNGSPPRPQPRGPRTPPGPPPPDDDEDDPVPLPVSGDKEEDAPHREDYFEPISPDRNSVPQEGQYSDEGEVEEEQQEEGEEDEDDVDVEEEEDEDEDDRRTVDSIPEEEEEDEEEEGEEDEEGEGDDGYEQISSDEDGIADLERETFKYPNFDVEYTAEDLASVPPMTYDPYDRELVPLLYFSCPYKTTFEIEISRMKDQGPDKENSGAIEASVKLTELLDLYREDRGAKWVTALEEIPSLIIKGLSYLQLKNTKQDSLGQLVDWTMQALNLQVALRQPIALNVRQLKAGTKLVSSLAECGAQGVTGLLQAGVISGLFELLFADHVSSSLKLNAFKALDSVISMTEGMEAFLRGRQNEKSGYQKLLELILLDQTVRVVTAGSAILQKCHFYEVLSEIKRLGDHLAEKTSSLPNHSEPDHDTDAGLERTNPEYENEVEASMDMDLLESSNISEGEIERLINLLEEVFHLMETAPHTMIQQPVKSFPTMARITGPPERDDPYPVLFRYLHSHHFLELVTLLLSIPVTSAHPGVLQATKDVLKFLAQSQKGLLFFMSEYEATNLLIRALCHFYDQDEEEGLQSDGVIDDAFALWLQDSTQTLQCITELFSHFQRCTASEETDHSDLLGTLHNLYLITFNPVGRSAVGHVFSLEKNLQSLITLMEYYSKEALGDSKSKKSVAYNYACILILVVVQSSSDVQMLEQHAASLLKLCKADENNAKLQELGKWLEPLKNLRFEINCIPNLIEYVKQNIDNLMTPEGVGLTTALRVLCNVACPPPPVEGQQKDLKWNLAVIQLFSAEGMDTFIRVLQKLNSILTQPWRLHVNMGTTLHRVTTISMARCTLTLLKTMLTELLRGGSFEFKDMRVPSALVTLHMLLCSIPLSGRLDSDEQKIQNDIIDILLTFTQGVNEKLTISEETLANNTWSLMLKEVLSSILKVPEGFFSGLILLSELLPLPLPMQTTQVIEPHDISVALNTRKLWSMHLHVQAKLLQEIVRSFSGTTCQPIQHMLRRICVQLCDLASPTALLIMRTVLDLIVEDLQSTSEDKEKQYTSQTTRLLALLDALASHKACKLAILHLINGTIKGDERYAEIFQDLLALVRSPGDSVIRQQCVEYVTSILQSLCDQDIALILPSSSEGSISELEQLSNSLPNKELMTSICDCLLATLANSESSYNCLLTCVRTMMFLAEHDYGLFHLKSSLRKNSSALHSLLKRVVSTFSKDTGELASSFLEFMRQILNSDTIGCCGDDNGLMEVEGAHTSRTMSINAAELKQLLQSKEESPENLFLELEKLVLEHSKDDDNLDSLLDSVVGLKQMLESSGDPLPLSDQDVEPVLSAPESLQNLFNNRTAYVLADVMDDQLKSMWFTPFQAEEIDTDLDLVKVDLIELSEKCCSDFDLHSELERSFLSEPSSPGRTKTTKGFKLGKHKHETFITSSGKSEYIEPAKRAHVVPPPRGRGRGGFGQGIRPHDIFRQRKQNTSRPPSMHVDDFVAAESKEVVPQDGIPPPKRPLKVSQKISSRGGFSGNRGGRGAFHSQNRFFTPPASKGNYSRREGTRGSSWSAQNTPRGNYNESRGGQSNFNRGPLPPLRPLSSTGYRPSPRDRASRGRGGLGPSWASANSGSGGSRGKFVSGGSGRGRHVRSFTR,2,Breast cancer | Hepatocellular carcinoma,[Hepatocellular carcinoma] Increased m6A methylation (by VIRMA) of ID2 mRNA reduced ID2 expression and promoted cell migration and invasion in HCC || [Breast cancer] m6A-related targets were altered at protein level; overexpression of the enzymes was associated with poor prognosis on overal survival; YTHDF3 is considered independent prognosis factor for OS and relapse free survival.,
WTAP,Q15007,FL2D_HUMAN,Pre-mRNA-splicing regulator WTAP,A:m6A,396,MTNEEPLPKKVRLSETDFKVMARDELILRWKQYEAYVQALEGKYTDLNSNDVTGLRESEEKLKQQQQESARRENILVMRLATKEQEMQECTTQIQYLKQVQQPSVAQLRSTMVDPAINLFFLKMKGELEQTKDKLEQAQNELSAWKFTPDSQTGKKLMAKCRMLIQENQELGRQLSQGRIAQLEAELALQKKYSEELKSSQDELNDFIIQLDEEVEGMQSTILVLQQQLKETRQQLAQYQQQQSQASAPSTSRTTASEPVEQSEATSKDCSRLTNGPSNGSSSRQRTSGSGFHREGNTTEDDFPSSPGNGNKSSNSSEERTGRGGSGYVNQLSAGYESVDSPTGSENSLTHQSNDTDSSHDPQEEKAVSGKGNRTVGSRHVQNGLDSSVNVQGSVL,5,Brain arteriovenous malformations (AVMs) | Breast cancer | Glioblastoma | Hepatocellular carcinoma | Renal cell carcinoma,"[Renal cell carcinoma] In RCC cell lines and tissues, WTAP is significantly overexpressed. Mechanistic studies exhibited that CDK2 expression is positively associated with the expression of WTAP. Moreover, WTAP stabilizes CDK2 transcript to enhance CDK2 expression via binding to 3′-UTR of CDK2 transcript. || [Breast cancer] m6A levels are reduced in breast cancer samples due to a decrease in m6A methylases expression and an increase in  demethylases expression; expression levels of METTL3, METTL14, WTAP and FTO were correlated with poor survival and cancer progression; m6A higher levels suppress cancer cell viability, inhibit MDA-MB-231 colony-formation abilities and cell migratory abilities.Expression levels of writers and readers differes according to the subtype of breast cancer ( luminal A/B vs. triple negative). || [Brain arteriovenous malformations (AVMs)] WTAP is downregulated in brain AVM lesions compared with normal cerebral vessels. DSP is stabilized via WTAP-m6A-IGF2BPs- dependent manner and participated in the regulation of angiogenesis. || [Hepatocellular carcinoma] WTAP is significantly up-regulated in HCC and promotes liver cancer development. WTAP-guided m6A modification contributes to the progression of HCC via the HuR-ETS1-p21/p27 axis. ETS proto-oncogene 1 (ETS1) was identified as the downstream effector of WTAP. The m6A modification regulated by WTAP led to post-transcriptional suppression of ETS1, with the implication of Hu-Antigen R (HuR) as an RNA stabilizer. Then ETS1 was found to inhibit the progression of HCC and could rescue the phenotype induced by WTAP deficiency. Moreover, WTAP modulated the G2/M phase of HCC cells through a p21/p27-dependent pattern mediated by ETS1. || [Glioblastoma] WTAP overexpression increases proliferation, migration, invasion and tumorigenicity of glioblastoma cells",
YBX1,P67809,YBOX1_HUMAN,Y-box-binding protein 1,C:m5C,324,MSSEAETQQPPAAPPAAPALSAADTKPGTTGSGAGSGGPGGLTSAAPAGGDKKVIATKVLGTVKWFNVRNGYGFINRNDTKEDVFVHQTAIKKNNPRKYLRSVGDGETVEFDVVEGEKGAEAANVTGPGGVPVQGSKYAADRNHYRRYPRRRGPPRNYQQNYQNSESGEKNEGSESAPEGQAQQRRPYRRRRFPPYYMRRPYGRRPQYSNPPVQGEVMEGADNQGAGEQGRPVRQNMYRGYRPRFRRGPPRQRQPREDGNEEDKENQGDETQGQQPPQRRYRRNFNYRRRRPENPKPQDGKETKAADPPAENSSAPEAEQGGAE,1,Urothelial carcinoma of the bladder (UCB),[Urothelial carcinoma of the bladder (UCB)] NSUN2 and YBX1 stabilize the oncogene mRNA of the oncogene HDGF that mediates UCB pathogenesis in human,
YTHDC2,Q9H6S0,YTDC2_HUMAN,3'-5' RNA helicase YTHDC2,A:m6A,1430,MSRPSSVSPRQPAPGGGGGGGPSPCGPGGGGRAKGLKDIRIDEEVKIAVNIALERFRYGDQREMEFPSSLTSTERAFIHRLSQSLGLVSKSKGKGANRYLTVKKKDGSETAHAMMTCNLTHNTKHAVRSLIQRFPVTNKERTELLPKTERGNVFAVEAENREMSKTSGRLNNGIPQIPVKRGESEFDSFRQSLPVFEKQEEIVKIIKENKVVLIVGETGSGKTTQIPQFLLDDCFKNGIPCRIFCTQPRRLAAIAVAERVAAERRERIGQTIGYQIRLESRVSPKTLLTFCTNGVLLRTLMAGDSTLSTVTHVIVDEVHERDRFSDFLLTKLRDLLQKHPTLKLILSSAALDVNLFIRYFGSCPVIYIQGRPFEVKEMFLEDILRTTGYTNKEMLKYKKEKQQEEKQQTTLTEWYSAQENSFKPESQRQRTVLNVTDEYDLLDDGGDAVFSQLTEKDVNCLEPWLIKEMDACLSDIWLHKDIDAFAQVFHLILTENVSVDYRHSETSATALMVAAGRGFASQVEQLISMGANVHSKASNGWMALDWAKHFGQTEIVDLLESYSATLEFGNLDESSLVQTNGSDLSAEDRELLKAYHHSFDDEKVDLDLIMHLLYNICHSCDAGAVLIFLPGYDEIVGLRDRILFDDKRFADSTHRYQVFMLHSNMQTSDQKKVLKNPPAGVRKIILSTNIAETSITVNDVVFVIDSGKVKEKSFDALNFVTMLKMVWISKASAIQRKGRAGRCRPGICFRLFSRLRFQNMLEFQTPELLRMPLQELCLHTKLLAPVNCPIADFLMKAPEPPPALIVRNAVQMLKTIDAMDTWEDLTELGYHLADLPVEPHLGKMVLCAVVLKCLDPILTIACTLAYRDPFVLPTQASQKRAAMLCRKRFTAGAFSDHMALLRAFQAWQKARSDGWERAFCEKNFLSQATMEIIIGMRTQLLGQLRASGFVRARGGGDIRDVNTNSENWAVVKAALVAGMYPNLVHVDRENLVLTGPKEKKVRFHPASVLSQPQYKKIPPANGQAAAIKALPTDWLIYDEMTRAHRIANIRCCSAVTPVTILVFCGPARLASNALQEPSSFRVDGIPNDSSDSEMEDKTTANLAALKLDEWLHFTLEPEAASLLLQLRQKWHSLFLRRMRAPSKPWSQVDEATIRAIIAVLSTEEQSAGLQQPSGIGQRPRPMSSEELPLASSWRSNNSRKSSADTEFSDECTTAERVLMKSPSPALHPPQKYKDRGILHPKRGTEDRSDQSSLKSTDSSSYPSPCASPSPPSSGKGSKSPSPRPNMPVRYFIMKSSNLRNLEISQQKGIWSTTPSNERKLNRAFWESSIVYLVFSVQGSGHFQGFSRMSSEIGREKSQDWGSAGLGGVFKVEWIRKESLPFQFAHHLLNPWNDNKKVQISRDGQELEPLVGEQLLQLWERLPLGEKNTTD,2,Colorectal cancer | Pancreatic cancer,[Pancreatic cancer] A CNV-containing DNA region (which contains YTHDC2 gene) is found to be associated to pancreatic cancer risk || [Colorectal cancer] YTHDC2 is upregulated in colorectal cancer and it contributes to colon tumor metastasis by promoting translation of HIF-1α,
YTHDF1,Q9BYJ9,YTHD1_HUMAN,YTH domain-containing family protein 1,A:m6A,559,MSATSVDTQRTKGQDNKVQNGSLHQKDTVHDNDFEPYLTGQSNQSNSYPSMSDPYLSSYYPPSIGFPYSLNEAPWSTAGDPPIPYLTTYGQLSNGDHHFMHDAVFGQPGGLGNNIYQHRFNFFPENPAFSAWGTSGSQGQQTQSSAYGSSYTYPPSSLGGTVVDGQPGFHSDTLSKAPGMNSLEQGMVGLKIGDVSSSAVKTVGSVVSSVALTGVLSGNGGTNVNMPVSKPTSWAAIASKPAKPQPKMKTKSGPVMGGGLPPPPIKHNMDIGTWDNKGPVPKAPVPQQAPSPQAAPQPQQVAQPLPAQPPALAQPQYQSPQQPPQTRWVAPRNRNAAFGQSGGAGSDSNSPGNVQPNSAPSVESHPVLEKLKAAHSYNPKEFEWNLKSGRVFIIKSYSEDDIHRSIKYSIWCSTEHGNKRLDSAFRCMSSKGPVYLLFSVNGSGHFCGVAEMKSPVDYGTSAGVWSQDKWKGKFDVQWIFVKDVPNNQLRHIRLENNDNKPVTNSRDTQEVPLEKAKQVLKIISSYKHTTSIFDDFAHYEKRQEEEEVVRKERQSRNKQ,5,Breast cancer | Colorectal cancer | Hepatocellular carcinoma | Leukemia | Melanoma,"[Melanoma] Decreased m6A levels are identified in ocular melanoma samples, indicating poor prognosis, and changes in global m6A modification are highly associated with tumor progression. Mechanistically, YTHDF1 promotes the translation of methylated mRNA of HINT2, a tumor suppressor in ocular melanoma. || [Breast cancer] m6A-related targets were altered at protein level; overexpression of the enzymes was associated with poor prognosis on overal survival; YTHDF3 is considered independent prognosis factor for OS and relapse free survival. || [Leukemia] Mutations found in m6A regulatory genes are associated with lower OS and EFS rates in patients with AML ( Acute myeloid Leukemia) and presence of p53 mutations. || [Colorectal cancer] The overexpressed YTHDF1, associated to DNA copy number gain, recognizes and promotes the translation of m6A-modified FZD9 and Wnt6 mRNAs, leading to an aberrant activation of Wnt/b-catenin signaling and ultimately affecting the tumorigenicity and stem cell-like activity in CRC. Epigenetic regulation by YTHDF1 plays an important role in cancer progression processes in CRC. In another study, it was demonstrated that YTHDF1 overexpression is promoted by c-Myc and is associated to CRC cells proliferation and chemoresistence. || [Hepatocellular carcinoma] YTHDF1 was found to be upregulated in HCC and to play an important role in regulating HCC cell cycle progression and metabolism.",
YTHDF2,Q9Y5A9,YTHD2_HUMAN,YTH domain-containing family protein 2,A:m6A,579,MSASSLLEQRPKGQGNKVQNGSVHQKDGLNDDDFEPYLSPQARPNNAYTAMSDSYLPSYYSPSIGFSYSLGEAAWSTGGDTAMPYLTSYGQLSNGEPHFLPDAMFGQPGALGSTPFLGQHGFNFFPSGIDFSAWGNNSSQGQSTQSSGYSSNYAYAPSSLGGAMIDGQSAFANETLNKAPGMNTIDQGMAALKLGSTEVASNVPKVVGSAVGSGSITSNIVASNSLPPATIAPPKPASWADIASKPAKQQPKLKTKNGIAGSSLPPPPIKHNMDIGTWDNKGPVAKAPSQALVQNIGQPTQGSPQPVGQQANNSPPVAQASVGQQTQPLPPPPPQPAQLSVQQQAAQPTRWVAPRNRGSGFGHNGVDGNGVGQSQAGSGSTPSEPHPVLEKLRSINNYNPKDFDWNLKHGRVFIIKSYSEDDIHRSIKYNIWCSTEHGNKRLDAAYRSMNGKGPVYLLFSVNGSGHFCGVAEMKSAVDYNTCAGVWSQDKWKGRFDVRWIFVKDVPNSQLRHIRLENNENKPVTNSRDTQEVPLEKAKQVLKIIASYKHTTSIFDDFSHYEKRQEEEESVKKERQGRGK,6,Gastric cancer | Hepatocellular carcinoma | Leukemia | Non-small cell lung cancer | Pancreatic cancer | Prostate cancer,"[Hepatocellular carcinoma] HCC exhibited a characteristic gain of m6A modification in tandem with an increase of mRNA expression, owing to YTHDF2 reduction. YTHDF2 deficiency leads to mRNA stabilization of IL-11 and Serpin E2, the key mediators in support of hypoxia-induced cancer cell survival and vascular reconstruction. YTHDF2 is inhibited by HIF- 2α || [Leukemia] Mutations found in m6A regulatory genes are associated with lower OS and EFS rates in patients with AML ( Acute myeloid Leukemia) and presence of p53 mutations. || [Pancreatic cancer] YTHDF2 binds to m6A-containing mRNAs and regulates their localization and stability. YTHDF2 upregulation increases the proliferative abilities of pancreatic cells by enhancing Akt/GSK3b/CyclinD1 pathway and on the opposite side it represses the invasion and migration abilities (EMT) by supressing the YAP pathway || [Prostate cancer] YTHDF2 is the direct target of miR-493-3p and it is frequently upregulated in both PCa tissues and cell lines. Instead, miR-493-3p is downregulated. The overexpression of YTHDF2 and inhibition of miR-493-3p reduce m6A levels and increase the proliferation and migration of cancer cells || [Non-small cell lung cancer] YTHDF2 is upregulated in lung cancer tissues and it recognizes m6A sites on the 3′UTR of 6-phosphogluconate dehydrogenase(6PGD) and facilitates its translation, which advances the pentose phosphate pathway (PPP) flux , which is crucial for tumor growth. || [Gastric cancer] YTHDF2 overexpression in GC cells. Knockdown of YTHDF2 in MGC-803 cells inhibits cell proliferation and promotes apoptosis.",
YTHDF3,Q7Z739,YTHD3_HUMAN,YTH domain-containing family protein 3,A:m6A,585,MSATSVDQRPKGQGNKVSVQNGSIHQKDAVNDDDFEPYLSSQTNQSNSYPPMSDPYMPSYYAPSIGFPYSLGEAAWSTAGDQPMPYLTTYGQMSNGEHHYIPDGVFSQPGALGNTPPFLGQHGFNFFPGNADFSTWGTSGSQGQSTQSSAYSSSYGYPPSSLGRAITDGQAGFGNDTLSKVPGISSIEQGMTGLKIGGDLTAAVTKTVGTALSSSGMTSIATNSVPPVSSAAPKPTSWAAIARKPAKPQPKLKPKGNVGIGGSAVPPPPIKHNMNIGTWDEKGSVVKAPPTQPVLPPQTIIQQPQPLIQPPPLVQSQLPQQQPQPPQPQQQQGPQPQAQPHQVQPQQQQLQNRWVAPRNRGAGFNQNNGAGSENFGLGVVPVSASPSSVEVHPVLEKLKAINNYNPKDFDWNLKNGRVFIIKSYSEDDIHRSIKYSIWCSTEHGNKRLDAAYRSLNGKGPLYLLFSVNGSGHFCGVAEMKSVVDYNAYAGVWSQDKWKGKFEVKWIFVKDVPNNQLRHIRLENNDNKPVTNSRDTQEVPLEKAKQVLKIIATFKHTTSIFDDFAHYEKRQEEEEAMRRERNRNKQ,1,Breast cancer,[Breast cancer] m6A-related targets were altered at protein level; overexpression of the enzymes was associated with poor prognosis on overal survival; YTHDF3 is considered independent prognosis factor for OS and relapse free survival.,
